city,country,temperature,feels_like,temp_min,temp_max,humidity,pressure,wind_speed,description,icon,timestamp,clouds,pop,rain_3h,snow_3h
Mumbai,IN,27.0,27.4,25.9,27.0,50,1011,3.09,smoke,50n,2024-12-10 18:23:48,98,,,
Mumbai,,26.7,27.4,26.1,26.7,54,1011,4.96,overcast clouds,04n,2024-12-10 20:30:00,87,0.0,0.0,0.0
Mumbai,,26.3,26.3,25.9,26.3,58,1011,1.87,broken clouds,04n,2024-12-10 23:30:00,65,0.0,0.0,0.0
Mumbai,,25.2,25.3,25.2,25.2,58,1011,3.12,scattered clouds,03n,2024-12-11 02:30:00,46,0.0,0.0,0.0
Mumbai,,24.8,24.8,24.8,24.8,53,1011,3.81,scattered clouds,03n,2024-12-11 05:30:00,26,0.0,0.0,0.0
Mumbai,,24.7,24.5,24.7,24.7,49,1013,3.47,scattered clouds,03d,2024-12-11 08:30:00,41,0.0,0.0,0.0
Mumbai,,26.6,26.6,26.6,26.6,42,1013,0.84,scattered clouds,03d,2024-12-11 11:30:00,26,0.0,0.0,0.0
Mumbai,,27.3,27.7,27.3,27.3,50,1010,4.36,few clouds,02d,2024-12-11 14:30:00,13,0.0,0.0,0.0
Mumbai,,26.3,26.3,26.3,26.3,60,1010,6.71,clear sky,01d,2024-12-11 17:30:00,10,0.0,0.0,0.0
Mumbai,,26.1,26.1,26.1,26.1,64,1012,6.25,clear sky,01n,2024-12-11 20:30:00,2,0.0,0.0,0.0
Mumbai,,26.0,26.0,26.0,26.0,61,1012,2.79,clear sky,01n,2024-12-11 23:30:00,4,0.0,0.0,0.0
Mumbai,,25.6,25.7,25.6,25.6,57,1010,1.79,few clouds,02n,2024-12-12 02:30:00,17,0.0,0.0,0.0
Mumbai,,25.1,25.1,25.1,25.1,55,1010,2.92,scattered clouds,03n,2024-12-12 05:30:00,28,0.0,0.0,0.0
Mumbai,,24.9,24.9,24.9,24.9,53,1012,2.68,broken clouds,04d,2024-12-12 08:30:00,76,0.0,0.0,0.0
Mumbai,,26.9,27.3,26.9,26.9,50,1012,2.24,broken clouds,04d,2024-12-12 11:30:00,57,0.0,0.0,0.0
Mumbai,,26.3,26.3,26.3,26.3,59,1009,6.82,broken clouds,04d,2024-12-12 14:30:00,57,0.0,0.0,0.0
Mumbai,,25.7,26.0,25.7,25.7,61,1009,8.37,scattered clouds,03d,2024-12-12 17:30:00,34,0.0,0.0,0.0
Mumbai,,26.1,26.1,26.1,26.1,61,1011,6.86,clear sky,01n,2024-12-12 20:30:00,9,0.0,0.0,0.0
Mumbai,,25.9,26.0,25.9,25.9,57,1011,2.9,few clouds,02n,2024-12-12 23:30:00,13,0.0,0.0,0.0
Mumbai,,25.3,25.2,25.3,25.3,52,1010,3.44,broken clouds,04n,2024-12-13 02:30:00,58,0.0,0.0,0.0
Mumbai,,24.6,24.5,24.6,24.6,53,1010,3.18,broken clouds,04n,2024-12-13 05:30:00,70,0.0,0.0,0.0
Mumbai,,24.6,24.6,24.6,24.6,53,1013,3.71,overcast clouds,04d,2024-12-13 08:30:00,100,0.0,0.0,0.0
Mumbai,,27.1,27.4,27.1,27.1,49,1013,2.56,broken clouds,04d,2024-12-13 11:30:00,83,0.0,0.0,0.0
Mumbai,,28.1,28.3,28.1,28.1,47,1010,4.97,broken clouds,04d,2024-12-13 14:30:00,83,0.0,0.0,0.0
Mumbai,,26.6,26.6,26.6,26.6,62,1010,6.66,broken clouds,04d,2024-12-13 17:30:00,77,0.0,0.0,0.0
Mumbai,,26.7,28.0,26.7,26.7,65,1011,4.96,broken clouds,04n,2024-12-13 20:30:00,83,0.0,0.0,0.0
Mumbai,,26.1,26.1,26.1,26.1,62,1012,3.78,overcast clouds,04n,2024-12-13 23:30:00,92,0.0,0.0,0.0
Mumbai,,25.4,25.3,25.4,25.4,48,1011,3.48,overcast clouds,04n,2024-12-14 02:30:00,96,0.0,0.0,0.0
Mumbai,,24.4,24.1,24.4,24.4,46,1011,4.68,broken clouds,04n,2024-12-14 05:30:00,57,0.0,0.0,0.0
Mumbai,,24.1,23.8,24.1,24.1,44,1013,4.23,few clouds,02d,2024-12-14 08:30:00,14,0.0,0.0,0.0
Mumbai,,26.9,26.9,26.9,26.9,42,1014,3.09,scattered clouds,03d,2024-12-14 11:30:00,45,0.0,0.0,0.0
Mumbai,,28.7,28.4,28.7,28.7,41,1010,2.01,broken clouds,04d,2024-12-14 14:30:00,57,0.0,0.0,0.0
Mumbai,,26.7,27.6,26.7,26.7,57,1011,7.02,broken clouds,04d,2024-12-14 17:30:00,52,0.0,0.0,0.0
Mumbai,,26.8,27.9,26.8,26.8,61,1013,5.71,scattered clouds,03n,2024-12-14 20:30:00,33,0.0,0.0,0.0
Mumbai,,26.5,26.5,26.5,26.5,52,1013,2.43,few clouds,02n,2024-12-14 23:30:00,20,0.0,0.0,0.0
Mumbai,,25.4,25.2,25.4,25.4,47,1012,3.65,broken clouds,04n,2024-12-15 02:30:00,71,0.0,0.0,0.0
Mumbai,,24.5,24.1,24.5,24.5,44,1012,4.24,broken clouds,04n,2024-12-15 05:30:00,63,0.0,0.0,0.0
Mumbai,,24.1,23.7,24.1,24.1,42,1014,4.33,scattered clouds,03d,2024-12-15 08:30:00,31,0.0,0.0,0.0
Mumbai,,26.7,26.6,26.7,26.7,38,1015,2.22,few clouds,02d,2024-12-15 11:30:00,19,0.0,0.0,0.0
Mumbai,,28.1,27.9,28.1,28.1,43,1011,4.18,clear sky,01d,2024-12-15 14:30:00,8,0.0,0.0,0.0
Mumbai,,26.4,26.4,26.4,26.4,57,1011,7.08,clear sky,01d,2024-12-15 17:30:00,7,0.0,0.0,0.0
Delhi,IN,19.1,17.6,19.1,19.1,22,1016,3.09,haze,50n,2024-12-10 18:23:24,0,,,
Delhi,,18.9,17.3,18.6,18.9,18,1016,2.48,clear sky,01n,2024-12-10 20:30:00,0,0.0,0.0,0.0
Delhi,,17.6,15.8,16.9,17.6,14,1016,2.35,clear sky,01n,2024-12-10 23:30:00,0,0.0,0.0,0.0
Delhi,,15.4,13.3,15.4,15.4,12,1016,2.83,clear sky,01n,2024-12-11 02:30:00,0,0.0,0.0,0.0
Delhi,,14.3,12.1,14.3,14.3,12,1017,2.77,clear sky,01n,2024-12-11 05:30:00,0,0.0,0.0,0.0
Delhi,,14.5,12.3,14.5,14.5,12,1019,3.1,clear sky,01d,2024-12-11 08:30:00,0,0.0,0.0,0.0
Delhi,,18.9,17.1,18.9,18.9,9,1018,3.48,clear sky,01d,2024-12-11 11:30:00,0,0.0,0.0,0.0
Delhi,,22.1,20.5,22.1,22.1,7,1015,3.32,clear sky,01d,2024-12-11 14:30:00,1,0.0,0.0,0.0
Delhi,,21.0,19.3,21.0,21.0,8,1015,2.77,clear sky,01n,2024-12-11 17:30:00,0,0.0,0.0,0.0
Delhi,,18.6,16.9,18.6,18.6,11,1015,2.09,clear sky,01n,2024-12-11 20:30:00,0,0.0,0.0,0.0
Delhi,,17.0,15.1,17.0,17.0,11,1016,1.91,clear sky,01n,2024-12-11 23:30:00,1,0.0,0.0,0.0
Delhi,,15.7,13.6,15.7,15.7,12,1015,2.16,scattered clouds,03n,2024-12-12 02:30:00,37,0.0,0.0,0.0
Delhi,,14.6,12.5,14.6,14.6,13,1015,1.93,scattered clouds,03n,2024-12-12 05:30:00,39,0.0,0.0,0.0
Delhi,,14.8,12.7,14.8,14.8,14,1017,2.14,clear sky,01d,2024-12-12 08:30:00,0,0.0,0.0,0.0
Delhi,,19.1,17.4,19.1,19.1,12,1016,3.04,clear sky,01d,2024-12-12 11:30:00,0,0.0,0.0,0.0
Delhi,,22.1,20.6,22.1,22.1,10,1014,3.31,clear sky,01d,2024-12-12 14:30:00,7,0.0,0.0,0.0
Delhi,,21.0,19.4,21.0,21.0,12,1014,2.82,clear sky,01n,2024-12-12 17:30:00,4,0.0,0.0,0.0
Delhi,,18.6,16.9,18.6,18.6,13,1016,1.87,clear sky,01n,2024-12-12 20:30:00,0,0.0,0.0,0.0
Delhi,,17.0,15.1,17.0,17.0,14,1017,2.45,clear sky,01n,2024-12-12 23:30:00,1,0.0,0.0,0.0
Delhi,,15.5,13.5,15.5,15.5,16,1017,2.78,clear sky,01n,2024-12-13 02:30:00,10,0.0,0.0,0.0
Delhi,,14.4,12.3,14.4,14.4,18,1017,2.89,few clouds,02n,2024-12-13 05:30:00,22,0.0,0.0,0.0
Delhi,,14.5,12.4,14.5,14.5,17,1019,3.67,scattered clouds,03d,2024-12-13 08:30:00,34,0.0,0.0,0.0
Delhi,,19.5,17.8,19.5,19.5,12,1018,5.09,few clouds,02d,2024-12-13 11:30:00,22,0.0,0.0,0.0
Delhi,,22.5,21.0,22.5,22.5,9,1015,5.24,broken clouds,04d,2024-12-13 14:30:00,71,0.0,0.0,0.0
Delhi,,21.2,19.6,21.2,21.2,11,1015,4.2,scattered clouds,03n,2024-12-13 17:30:00,46,0.0,0.0,0.0
Delhi,,18.7,16.9,18.7,18.7,14,1016,3.09,clear sky,01n,2024-12-13 20:30:00,0,0.0,0.0,0.0
Delhi,,16.7,14.8,16.7,16.7,14,1017,3.44,clear sky,01n,2024-12-13 23:30:00,0,0.0,0.0,0.0
Delhi,,15.3,13.4,15.3,15.3,16,1017,3.79,clear sky,01n,2024-12-14 02:30:00,0,0.0,0.0,0.0
Delhi,,14.2,12.2,14.2,14.2,20,1017,3.89,clear sky,01n,2024-12-14 05:30:00,0,0.0,0.0,0.0
Delhi,,14.1,12.2,14.1,14.1,21,1018,3.87,clear sky,01d,2024-12-14 08:30:00,0,0.0,0.0,0.0
Delhi,,19.1,17.4,19.1,19.1,15,1018,3.84,clear sky,01d,2024-12-14 11:30:00,0,0.0,0.0,0.0
Delhi,,22.9,21.4,22.9,22.9,10,1016,4.86,clear sky,01d,2024-12-14 14:30:00,0,0.0,0.0,0.0
Delhi,,21.5,20.0,21.5,21.5,11,1015,3.01,clear sky,01n,2024-12-14 17:30:00,0,0.0,0.0,0.0
Delhi,,19.0,17.3,19.0,19.0,13,1017,2.56,clear sky,01n,2024-12-14 20:30:00,0,0.0,0.0,0.0
Delhi,,17.2,15.3,17.2,17.2,13,1017,2.76,clear sky,01n,2024-12-14 23:30:00,0,0.0,0.0,0.0
Delhi,,15.7,13.7,15.7,15.7,14,1017,2.91,clear sky,01n,2024-12-15 02:30:00,0,0.0,0.0,0.0
Delhi,,14.5,12.4,14.5,14.5,15,1016,2.88,clear sky,01n,2024-12-15 05:30:00,0,0.0,0.0,0.0
Delhi,,14.7,12.6,14.7,14.7,16,1019,2.75,clear sky,01d,2024-12-15 08:30:00,0,0.0,0.0,0.0
Delhi,,19.3,17.6,19.3,19.3,12,1019,2.55,clear sky,01d,2024-12-15 11:30:00,0,0.0,0.0,0.0
Delhi,,23.0,21.6,23.0,23.0,10,1016,2.7,clear sky,01d,2024-12-15 14:30:00,0,0.0,0.0,0.0
Delhi,,21.7,20.2,21.7,21.7,11,1016,1.83,clear sky,01n,2024-12-15 17:30:00,0,0.0,0.0,0.0
London,GB,6.8,3.4,6.4,7.2,82,1032,5.66,overcast clouds,04d,2024-12-10 18:26:28,100,,,
London,,7.0,3.5,7.0,7.2,78,1032,5.64,overcast clouds,04d,2024-12-10 20:30:00,100,0.0,0.0,0.0
London,,6.9,3.5,6.9,6.9,79,1032,5.37,overcast clouds,04n,2024-12-10 23:30:00,100,0.0,0.0,0.0
London,,7.1,3.8,7.1,7.1,75,1032,5.18,overcast clouds,04n,2024-12-11 02:30:00,100,0.0,0.0,0.0
London,,7.0,3.7,7.0,7.0,72,1032,5.21,overcast clouds,04n,2024-12-11 05:30:00,100,0.0,0.0,0.0
London,,7.1,4.0,7.1,7.1,72,1031,4.89,overcast clouds,04n,2024-12-11 08:30:00,100,0.0,0.0,0.0
London,,7.1,4.3,7.1,7.1,75,1031,4.44,overcast clouds,04n,2024-12-11 11:30:00,100,0.0,0.0,0.0
London,,7.1,4.4,7.1,7.1,76,1032,4.15,overcast clouds,04d,2024-12-11 14:30:00,100,0.0,0.0,0.0
London,,7.5,5.1,7.5,7.5,75,1032,3.54,overcast clouds,04d,2024-12-11 17:30:00,100,0.0,0.0,0.0
London,,7.7,5.4,7.7,7.7,70,1032,3.51,overcast clouds,04d,2024-12-11 20:30:00,100,0.0,0.0,0.0
London,,7.5,4.7,7.5,7.5,63,1032,4.43,overcast clouds,04n,2024-12-11 23:30:00,95,0.0,0.0,0.0
London,,7.0,4.6,7.0,7.0,71,1032,3.65,broken clouds,04n,2024-12-12 02:30:00,63,0.0,0.0,0.0
London,,7.2,5.5,7.2,7.2,84,1032,2.47,broken clouds,04n,2024-12-12 05:30:00,82,0.0,0.0,0.0
London,,7.3,6.3,7.3,7.3,93,1031,1.73,overcast clouds,04n,2024-12-12 08:30:00,100,0.0,0.0,0.0
London,,7.7,6.4,7.7,7.7,98,1030,2.12,light rain,10n,2024-12-12 11:30:00,100,20.0,0.13,0.0
London,,8.1,7.0,8.1,8.1,98,1030,1.97,overcast clouds,04d,2024-12-12 14:30:00,100,0.0,0.0,0.0
London,,8.5,8.0,8.5,8.5,89,1030,1.5,overcast clouds,04d,2024-12-12 17:30:00,100,0.0,0.0,0.0
London,,8.4,7.7,8.4,8.4,85,1028,1.58,overcast clouds,04d,2024-12-12 20:30:00,100,0.0,0.0,0.0
London,,8.0,7.4,8.0,8.0,88,1027,1.44,overcast clouds,04n,2024-12-12 23:30:00,100,0.0,0.0,0.0
London,,7.9,7.4,7.9,7.9,87,1027,1.37,overcast clouds,04n,2024-12-13 02:30:00,100,0.0,0.0,0.0
London,,7.1,6.4,7.1,7.1,84,1026,1.49,overcast clouds,04n,2024-12-13 05:30:00,100,0.0,0.0,0.0
London,,6.2,5.3,6.2,6.2,84,1026,1.43,overcast clouds,04n,2024-12-13 08:30:00,98,0.0,0.0,0.0
London,,5.0,4.1,5.0,5.0,87,1025,1.36,broken clouds,04n,2024-12-13 11:30:00,64,0.0,0.0,0.0
London,,4.9,4.9,4.9,4.9,82,1025,1.11,scattered clouds,03d,2024-12-13 14:30:00,43,0.0,0.0,0.0
London,,6.6,6.6,6.6,6.6,62,1024,1.12,few clouds,02d,2024-12-13 17:30:00,24,0.0,0.0,0.0
London,,6.6,6.6,6.6,6.6,58,1022,0.87,clear sky,01d,2024-12-13 20:30:00,0,0.0,0.0,0.0
London,,5.2,4.4,5.2,5.2,64,1023,1.34,scattered clouds,03n,2024-12-13 23:30:00,31,0.0,0.0,0.0
London,,4.2,2.9,4.2,4.2,73,1023,1.63,broken clouds,04n,2024-12-14 02:30:00,59,0.0,0.0,0.0
London,,3.5,1.8,3.5,3.5,78,1022,1.83,scattered clouds,03n,2024-12-14 05:30:00,35,0.0,0.0,0.0
London,,3.0,0.8,3.0,3.0,83,1021,2.2,clear sky,01n,2024-12-14 08:30:00,8,0.0,0.0,0.0
London,,2.7,0.1,2.7,2.7,82,1021,2.67,clear sky,01n,2024-12-14 11:30:00,9,0.0,0.0,0.0
London,,4.0,1.6,4.0,4.0,83,1021,2.75,broken clouds,04d,2024-12-14 14:30:00,71,0.0,0.0,0.0
London,,6.2,4.0,6.2,6.2,82,1022,2.9,overcast clouds,04d,2024-12-14 17:30:00,85,0.0,0.0,0.0
London,,6.7,4.4,6.7,6.7,80,1022,3.18,overcast clouds,04d,2024-12-14 20:30:00,93,0.0,0.0,0.0
London,,6.1,4.2,6.1,6.1,80,1023,2.6,overcast clouds,04n,2024-12-14 23:30:00,96,0.0,0.0,0.0
London,,4.8,2.7,4.8,4.8,88,1025,2.43,broken clouds,04n,2024-12-15 02:30:00,68,0.0,0.0,0.0
London,,3.9,1.6,3.9,3.9,84,1026,2.4,scattered clouds,03n,2024-12-15 05:30:00,44,0.0,0.0,0.0
London,,3.2,0.6,3.2,3.2,85,1026,2.69,scattered clouds,03n,2024-12-15 08:30:00,25,0.0,0.0,0.0
London,,3.2,0.2,3.2,3.2,82,1026,3.14,scattered clouds,03n,2024-12-15 11:30:00,41,0.0,0.0,0.0
London,,4.2,0.9,4.2,4.2,79,1027,4.01,scattered clouds,03d,2024-12-15 14:30:00,49,0.0,0.0,0.0
London,,6.9,3.9,6.9,6.9,77,1027,4.66,broken clouds,04d,2024-12-15 17:30:00,73,0.0,0.0,0.0
New York,US,7.1,4.7,6.0,8.0,94,1019,3.6,mist,50d,2024-12-10 18:27:14,100,,,
New York,,7.5,5.1,7.5,8.2,92,1019,3.66,overcast clouds,04d,2024-12-10 20:30:00,99,0.0,0.0,0.0
New York,,8.4,6.0,8.4,9.1,90,1018,4.13,overcast clouds,04d,2024-12-10 23:30:00,99,0.0,0.0,0.0
New York,,9.6,7.5,9.6,9.6,92,1017,4.04,overcast clouds,04d,2024-12-11 02:30:00,100,0.0,0.0,0.0
New York,,10.1,9.7,10.1,10.1,96,1017,4.35,overcast clouds,04n,2024-12-11 05:30:00,100,0.0,0.0,0.0
New York,,10.6,10.3,10.6,10.6,99,1015,3.49,light rain,10n,2024-12-11 08:30:00,100,100.0,1.9,0.0
New York,,11.2,10.9,11.2,11.2,99,1012,3.12,light rain,10n,2024-12-11 11:30:00,100,100.0,1.38,0.0
New York,,12.7,12.5,12.7,12.7,97,1011,5.39,moderate rain,10n,2024-12-11 14:30:00,100,100.0,3.52,0.0
New York,,12.6,12.5,12.6,12.6,98,1009,7.76,moderate rain,10n,2024-12-11 17:30:00,100,100.0,4.99,0.0
New York,,13.5,13.5,13.5,13.5,98,1006,7.79,light rain,10d,2024-12-11 20:30:00,100,100.0,0.8,0.0
New York,,15.3,15.3,15.3,15.3,93,1001,10.75,light rain,10d,2024-12-11 23:30:00,100,100.0,1.1,0.0
New York,,15.3,15.3,15.3,15.3,94,998,10.0,moderate rain,10d,2024-12-12 02:30:00,100,100.0,11.29,0.0
New York,,12.8,12.7,12.8,12.8,94,998,7.09,moderate rain,10n,2024-12-12 05:30:00,100,100.0,8.58,0.0
New York,,6.2,1.7,6.2,6.2,78,1004,8.27,moderate rain,10n,2024-12-12 08:30:00,100,100.0,3.03,0.0
New York,,5.4,0.4,5.4,5.4,55,1009,8.99,overcast clouds,04n,2024-12-12 11:30:00,91,80.0,0.0,0.0
New York,,3.0,-2.3,3.0,3.0,55,1015,7.59,clear sky,01n,2024-12-12 14:30:00,5,0.0,0.0,0.0
New York,,2.2,-3.2,2.2,2.2,57,1018,7.44,clear sky,01n,2024-12-12 17:30:00,5,0.0,0.0,0.0
New York,,3.3,-2.0,3.3,3.3,53,1021,7.87,few clouds,02d,2024-12-12 20:30:00,12,0.0,0.0,0.0
New York,,3.7,-2.0,3.7,3.7,39,1023,9.68,broken clouds,04d,2024-12-12 23:30:00,51,0.0,0.0,0.0
New York,,2.1,-3.5,2.1,2.1,34,1026,7.67,clear sky,01d,2024-12-13 02:30:00,0,0.0,0.0,0.0
New York,,0.9,-4.7,0.9,0.9,34,1030,6.94,scattered clouds,03n,2024-12-13 05:30:00,50,0.0,0.0,0.0
New York,,-0.1,-5.7,-0.1,-0.1,35,1032,6.16,few clouds,02n,2024-12-13 08:30:00,23,0.0,0.0,0.0
New York,,-0.3,-5.3,-0.3,-0.3,35,1034,4.9,scattered clouds,03n,2024-12-13 11:30:00,36,0.0,0.0,0.0
New York,,-0.5,-5.0,-0.5,-0.5,36,1036,4.2,broken clouds,04n,2024-12-13 14:30:00,84,0.0,0.0,0.0
New York,,-0.5,-4.0,-0.5,-0.5,37,1038,2.9,broken clouds,04n,2024-12-13 17:30:00,74,0.0,0.0,0.0
New York,,0.6,-2.4,0.6,0.6,35,1040,2.5,clear sky,01d,2024-12-13 20:30:00,7,0.0,0.0,0.0
New York,,2.6,-0.1,2.6,2.6,33,1038,2.68,clear sky,01d,2024-12-13 23:30:00,3,0.0,0.0,0.0
New York,,3.8,1.2,3.8,3.8,36,1039,2.72,clear sky,01d,2024-12-14 02:30:00,3,0.0,0.0,0.0
New York,,3.3,1.7,3.3,3.3,40,1041,1.74,few clouds,02n,2024-12-14 05:30:00,13,0.0,0.0,0.0
New York,,2.3,-0.2,2.3,2.3,44,1042,2.43,few clouds,02n,2024-12-14 08:30:00,13,0.0,0.0,0.0
New York,,1.6,-0.6,1.6,1.6,48,1042,2.05,clear sky,01n,2024-12-14 11:30:00,9,0.0,0.0,0.0
New York,,1.2,-1.8,1.2,1.2,51,1043,2.68,broken clouds,04n,2024-12-14 14:30:00,59,0.0,0.0,0.0
New York,,0.7,-2.0,0.7,0.7,54,1044,2.38,broken clouds,04n,2024-12-14 17:30:00,57,0.0,0.0,0.0
New York,,2.7,0.1,2.7,2.7,52,1045,2.6,broken clouds,04d,2024-12-14 20:30:00,54,0.0,0.0,0.0
New York,,4.2,2.0,4.2,4.2,48,1044,2.41,broken clouds,04d,2024-12-14 23:30:00,77,0.0,0.0,0.0
New York,,4.5,2.2,4.5,4.5,49,1044,2.54,overcast clouds,04d,2024-12-15 02:30:00,95,0.0,0.0,0.0
New York,,3.7,0.9,3.7,3.7,54,1044,3.03,overcast clouds,04n,2024-12-15 05:30:00,94,0.0,0.0,0.0
New York,,3.0,-0.4,3.0,3.0,54,1044,3.68,overcast clouds,04n,2024-12-15 08:30:00,100,0.0,0.0,0.0
New York,,2.8,-0.6,2.8,2.8,52,1043,3.57,overcast clouds,04n,2024-12-15 11:30:00,100,0.0,0.0,0.0
New York,,3.1,-0.1,3.1,3.1,60,1042,3.48,overcast clouds,04n,2024-12-15 14:30:00,100,0.0,0.0,0.0
New York,,3.7,0.3,3.7,3.7,68,1042,3.88,overcast clouds,04n,2024-12-15 17:30:00,100,0.0,0.0,0.0
Tokyo,JP,9.7,8.8,8.1,10.8,51,1017,2.06,few clouds,02n,2024-12-10 18:23:29,20,,,
Tokyo,,9.8,8.2,9.8,10.0,48,1016,3.2,few clouds,02n,2024-12-10 20:30:00,24,0.0,0.0,0.0
Tokyo,,9.2,7.7,8.9,9.2,47,1015,2.71,scattered clouds,03n,2024-12-10 23:30:00,49,0.0,0.0,0.0
Tokyo,,8.7,7.1,8.7,8.7,44,1015,2.77,overcast clouds,04n,2024-12-11 02:30:00,100,0.0,0.0,0.0
Tokyo,,9.2,6.3,9.2,9.2,45,1015,5.87,overcast clouds,04d,2024-12-11 05:30:00,100,0.0,0.0,0.0
Tokyo,,11.5,9.8,11.5,11.5,41,1013,5.49,overcast clouds,04d,2024-12-11 08:30:00,93,0.0,0.0,0.0
Tokyo,,12.3,10.6,12.3,12.3,37,1012,4.1,broken clouds,04d,2024-12-11 11:30:00,64,0.0,0.0,0.0
Tokyo,,11.9,10.1,11.9,11.9,37,1014,3.24,overcast clouds,04n,2024-12-11 14:30:00,98,0.0,0.0,0.0
Tokyo,,9.8,7.4,9.8,9.8,38,1014,4.8,overcast clouds,04n,2024-12-11 17:30:00,87,0.0,0.0,0.0
Tokyo,,8.2,4.9,8.2,8.2,39,1015,6.26,broken clouds,04n,2024-12-11 20:30:00,51,0.0,0.0,0.0
Tokyo,,7.4,3.6,7.4,7.4,40,1015,6.8,broken clouds,04n,2024-12-11 23:30:00,57,0.0,0.0,0.0
Tokyo,,6.6,3.1,6.6,6.6,39,1016,5.67,few clouds,02n,2024-12-12 02:30:00,19,0.0,0.0,0.0
Tokyo,,7.6,4.0,7.6,7.6,34,1017,6.6,scattered clouds,03d,2024-12-12 05:30:00,30,0.0,0.0,0.0
Tokyo,,9.4,6.6,9.4,9.4,26,1017,5.69,broken clouds,04d,2024-12-12 08:30:00,65,0.0,0.0,0.0
Tokyo,,11.2,8.8,11.2,11.2,19,1017,4.71,scattered clouds,03d,2024-12-12 11:30:00,49,0.0,0.0,0.0
Tokyo,,9.0,5.9,9.0,9.0,25,1019,6.24,few clouds,02n,2024-12-12 14:30:00,11,0.0,0.0,0.0
Tokyo,,8.1,5.0,8.1,8.1,29,1019,5.27,clear sky,01n,2024-12-12 17:30:00,9,0.0,0.0,0.0
Tokyo,,7.1,4.1,7.1,7.1,36,1019,4.54,broken clouds,04n,2024-12-12 20:30:00,56,0.0,0.0,0.0
Tokyo,,6.9,5.6,6.9,6.9,37,1019,1.97,broken clouds,04n,2024-12-12 23:30:00,65,0.0,0.0,0.0
Tokyo,,6.9,6.2,6.9,6.9,38,1019,1.43,overcast clouds,04n,2024-12-13 02:30:00,100,0.0,0.0,0.0
Tokyo,,7.5,6.8,7.5,7.5,39,1019,1.52,overcast clouds,04d,2024-12-13 05:30:00,99,0.0,0.0,0.0
Tokyo,,9.1,7.8,9.1,9.1,39,1017,2.4,overcast clouds,04d,2024-12-13 08:30:00,100,0.0,0.0,0.0
Tokyo,,10.3,8.4,10.3,10.3,39,1014,0.73,overcast clouds,04d,2024-12-13 11:30:00,100,0.0,0.0,0.0
Tokyo,,10.7,8.8,10.7,10.7,40,1012,0.98,overcast clouds,04n,2024-12-13 14:30:00,92,0.0,0.0,0.0
Tokyo,,9.2,6.8,9.2,9.2,37,1010,4.56,overcast clouds,04n,2024-12-13 17:30:00,96,0.0,0.0,0.0
Tokyo,,8.4,6.2,8.4,8.4,40,1009,3.56,overcast clouds,04n,2024-12-13 20:30:00,100,0.0,0.0,0.0
Tokyo,,7.0,3.5,7.0,7.0,48,1008,5.73,overcast clouds,04n,2024-12-13 23:30:00,100,0.0,0.0,0.0
Tokyo,,5.9,1.6,5.9,5.9,54,1009,7.36,scattered clouds,03n,2024-12-14 02:30:00,43,0.0,0.0,0.0
Tokyo,,7.4,3.7,7.4,7.4,46,1011,6.77,scattered clouds,03d,2024-12-14 05:30:00,31,0.0,0.0,0.0
Tokyo,,9.9,6.9,9.9,9.9,28,1010,6.62,overcast clouds,04d,2024-12-14 08:30:00,88,0.0,0.0,0.0
Tokyo,,11.3,9.0,11.3,11.3,20,1010,8.88,broken clouds,04d,2024-12-14 11:30:00,72,0.0,0.0,0.0
Tokyo,,9.1,5.4,9.1,9.1,27,1012,8.55,clear sky,01n,2024-12-14 14:30:00,0,0.0,0.0,0.0
Tokyo,,7.8,4.3,7.8,7.8,33,1013,6.32,clear sky,01n,2024-12-14 17:30:00,0,0.0,0.0,0.0
Tokyo,,6.7,3.2,6.7,6.7,38,1013,5.61,clear sky,01n,2024-12-14 20:30:00,2,0.0,0.0,0.0
Tokyo,,5.8,2.9,5.8,5.8,44,1013,3.88,few clouds,02n,2024-12-14 23:30:00,20,0.0,0.0,0.0
Tokyo,,5.5,4.5,5.5,5.5,43,1013,1.52,few clouds,02n,2024-12-15 02:30:00,22,0.0,0.0,0.0
Tokyo,,6.9,5.2,6.9,6.9,41,1013,2.46,few clouds,02d,2024-12-15 05:30:00,13,0.0,0.0,0.0
Tokyo,,10.3,8.4,10.3,10.3,39,1009,4.47,clear sky,01d,2024-12-15 08:30:00,6,0.0,0.0,0.0
Tokyo,,11.5,9.4,11.5,11.5,27,1008,2.27,clear sky,01d,2024-12-15 11:30:00,3,0.0,0.0,0.0
Tokyo,,10.6,8.4,10.6,10.6,29,1009,0.86,clear sky,01n,2024-12-15 14:30:00,0,0.0,0.0,0.0
Tokyo,,9.8,8.7,9.8,9.8,33,1011,2.36,clear sky,01n,2024-12-15 17:30:00,0,0.0,0.0,0.0
Dubai,AE,26.0,26.0,26.0,26.1,53,1016,5.66,clear sky,01d,2024-12-10 18:26:27,0,,,
Dubai,,25.2,25.2,23.6,25.2,56,1016,2.15,clear sky,01n,2024-12-10 20:30:00,3,0.0,0.0,0.0
Dubai,,24.1,24.1,23.1,24.1,61,1017,1.92,clear sky,01n,2024-12-10 23:30:00,3,0.0,0.0,0.0
Dubai,,22.7,22.8,22.7,22.7,67,1017,1.75,clear sky,01n,2024-12-11 02:30:00,0,0.0,0.0,0.0
Dubai,,21.4,21.4,21.4,21.4,72,1017,2.91,clear sky,01n,2024-12-11 05:30:00,1,0.0,0.0,0.0
Dubai,,20.8,20.8,20.8,20.8,70,1019,3.71,clear sky,01d,2024-12-11 08:30:00,0,0.0,0.0,0.0
Dubai,,24.0,23.8,24.0,24.0,49,1020,4.42,clear sky,01d,2024-12-11 11:30:00,0,0.0,0.0,0.0
Dubai,,26.8,26.9,26.8,26.8,44,1018,2.52,clear sky,01d,2024-12-11 14:30:00,0,0.0,0.0,0.0
Dubai,,26.4,26.4,26.4,26.4,49,1017,6.09,clear sky,01d,2024-12-11 17:30:00,0,0.0,0.0,0.0
Dubai,,22.5,22.0,22.5,22.5,46,1018,8.38,clear sky,01n,2024-12-11 20:30:00,0,0.0,0.0,0.0
Dubai,,20.6,20.1,20.6,20.6,50,1019,6.75,clear sky,01n,2024-12-11 23:30:00,0,0.0,0.0,0.0
Dubai,,20.1,19.5,20.1,20.1,52,1018,6.64,clear sky,01n,2024-12-12 02:30:00,0,0.0,0.0,0.0
Dubai,,19.6,19.0,19.6,19.6,55,1018,6.08,clear sky,01n,2024-12-12 05:30:00,0,0.0,0.0,0.0
Dubai,,19.0,18.5,19.0,19.0,58,1018,5.76,clear sky,01d,2024-12-12 08:30:00,0,0.0,0.0,0.0
Dubai,,23.4,22.9,23.4,23.4,42,1019,5.37,clear sky,01d,2024-12-12 11:30:00,0,0.0,0.0,0.0
Dubai,,25.4,24.9,25.4,25.4,35,1016,3.14,clear sky,01d,2024-12-12 14:30:00,2,0.0,0.0,0.0
Dubai,,24.4,24.1,24.4,24.4,45,1016,4.21,clear sky,01d,2024-12-12 17:30:00,1,0.0,0.0,0.0
Dubai,,23.1,22.9,23.1,23.1,54,1016,5.11,clear sky,01n,2024-12-12 20:30:00,0,0.0,0.0,0.0
Dubai,,21.6,21.5,21.6,21.6,62,1017,3.6,few clouds,02n,2024-12-12 23:30:00,19,0.0,0.0,0.0
Dubai,,20.5,20.1,20.5,20.5,57,1016,2.52,few clouds,02n,2024-12-13 02:30:00,21,0.0,0.0,0.0
Dubai,,19.7,19.1,19.7,19.7,53,1015,1.92,clear sky,01n,2024-12-13 05:30:00,10,0.0,0.0,0.0
Dubai,,19.4,18.7,19.4,19.4,52,1017,1.55,clear sky,01d,2024-12-13 08:30:00,2,0.0,0.0,0.0
Dubai,,22.6,22.1,22.6,22.6,42,1018,1.18,clear sky,01d,2024-12-13 11:30:00,5,0.0,0.0,0.0
Dubai,,23.7,23.4,23.7,23.7,49,1016,3.67,broken clouds,04d,2024-12-13 14:30:00,62,0.0,0.0,0.0
Dubai,,23.3,23.2,23.3,23.3,58,1014,4.36,scattered clouds,03d,2024-12-13 17:30:00,45,0.0,0.0,0.0
Dubai,,22.2,22.1,22.2,22.2,59,1016,2.4,few clouds,02n,2024-12-13 20:30:00,20,0.0,0.0,0.0
Dubai,,21.8,21.5,21.8,21.8,56,1017,1.76,few clouds,02n,2024-12-13 23:30:00,13,0.0,0.0,0.0
Dubai,,19.8,19.6,19.8,19.8,67,1016,2.26,clear sky,01n,2024-12-14 02:30:00,5,0.0,0.0,0.0
Dubai,,20.0,19.7,20.0,20.0,63,1015,2.09,clear sky,01n,2024-12-14 05:30:00,8,0.0,0.0,0.0
Dubai,,19.2,18.9,19.2,19.2,66,1016,2.31,clear sky,01d,2024-12-14 08:30:00,3,0.0,0.0,0.0
Dubai,,22.1,21.7,22.1,22.1,54,1018,1.61,clear sky,01d,2024-12-14 11:30:00,5,0.0,0.0,0.0
Dubai,,23.2,22.9,23.2,23.2,54,1016,3.89,clear sky,01d,2024-12-14 14:30:00,5,0.0,0.0,0.0
Dubai,,23.2,23.1,23.2,23.2,56,1015,4.1,clear sky,01d,2024-12-14 17:30:00,2,0.0,0.0,0.0
Dubai,,22.3,22.1,22.3,22.3,59,1017,3.37,clear sky,01n,2024-12-14 20:30:00,0,0.0,0.0,0.0
Dubai,,21.8,21.4,21.8,21.8,55,1017,1.37,clear sky,01n,2024-12-14 23:30:00,0,0.0,0.0,0.0
Dubai,,19.4,19.2,19.4,19.4,68,1017,2.81,clear sky,01n,2024-12-15 02:30:00,0,0.0,0.0,0.0
Dubai,,19.1,18.8,19.1,19.1,64,1017,1.14,clear sky,01n,2024-12-15 05:30:00,0,0.0,0.0,0.0
Dubai,,19.1,18.7,19.1,19.1,64,1018,1.12,clear sky,01d,2024-12-15 08:30:00,0,0.0,0.0,0.0
Dubai,,22.5,22.3,22.5,22.5,57,1020,1.95,clear sky,01d,2024-12-15 11:30:00,0,0.0,0.0,0.0
Dubai,,24.2,23.9,24.2,24.2,48,1018,4.63,clear sky,01d,2024-12-15 14:30:00,0,0.0,0.0,0.0
Dubai,,24.0,23.9,24.0,24.0,57,1018,6.71,clear sky,01d,2024-12-15 17:30:00,0,0.0,0.0,0.0
Singapore,SG,27.8,30.7,26.9,28.0,73,1008,2.57,broken clouds,04n,2024-12-10 18:25:01,75,,,
Singapore,,27.3,30.3,26.4,27.3,78,1008,3.85,light rain,10n,2024-12-10 20:30:00,83,100.0,2.51,0.0
Singapore,,26.7,29.2,26.2,26.7,81,1007,3.7,light rain,10n,2024-12-10 23:30:00,92,100.0,0.94,0.0
Singapore,,26.6,26.6,26.6,26.6,79,1005,3.16,overcast clouds,04n,2024-12-11 02:30:00,100,0.0,0.0,0.0
Singapore,,26.2,26.2,26.2,26.2,80,1007,3.54,overcast clouds,04d,2024-12-11 05:30:00,99,0.0,0.0,0.0
Singapore,,27.3,29.8,27.3,27.3,74,1008,3.33,overcast clouds,04d,2024-12-11 08:30:00,100,0.0,0.0,0.0
Singapore,,28.1,31.3,28.1,28.1,74,1006,4.87,overcast clouds,04d,2024-12-11 11:30:00,100,7.0,0.0,0.0
Singapore,,28.0,31.7,28.0,28.0,77,1005,6.84,moderate rain,10d,2024-12-11 14:30:00,100,100.0,3.23,0.0
Singapore,,27.9,31.5,27.9,27.9,77,1006,7.27,light rain,10n,2024-12-11 17:30:00,100,100.0,0.2,0.0
Singapore,,27.3,30.5,27.3,27.3,81,1008,7.23,light rain,10n,2024-12-11 20:30:00,100,100.0,2.7,0.0
Singapore,,26.9,29.8,26.9,26.9,84,1007,7.97,light rain,10n,2024-12-11 23:30:00,100,100.0,1.58,0.0
Singapore,,27.1,30.2,27.1,27.1,82,1005,8.77,overcast clouds,04n,2024-12-12 02:30:00,100,43.0,0.0,0.0
Singapore,,26.9,29.8,26.9,26.9,83,1007,6.41,overcast clouds,04d,2024-12-12 05:30:00,100,13.0,0.0,0.0
Singapore,,27.2,30.0,27.2,27.2,77,1008,6.63,overcast clouds,04d,2024-12-12 08:30:00,100,0.0,0.0,0.0
Singapore,,27.9,31.2,27.9,27.9,75,1006,5.45,overcast clouds,04d,2024-12-12 11:30:00,100,0.0,0.0,0.0
Singapore,,28.2,31.6,28.2,28.2,74,1005,6.1,light rain,10d,2024-12-12 14:30:00,100,35.0,0.21,0.0
Singapore,,27.2,30.0,27.2,27.2,79,1006,4.12,light rain,10n,2024-12-12 17:30:00,100,84.0,1.71,0.0
Singapore,,27.0,29.8,27.0,27.0,80,1008,3.4,light rain,10n,2024-12-12 20:30:00,100,87.0,1.26,0.0
Singapore,,26.9,29.4,26.9,26.9,80,1007,4.3,light rain,10n,2024-12-12 23:30:00,100,89.0,1.79,0.0
Singapore,,26.9,29.5,26.9,26.9,81,1005,7.02,light rain,10n,2024-12-13 02:30:00,100,20.0,0.13,0.0
Singapore,,27.3,30.5,27.3,27.3,80,1007,6.73,overcast clouds,04d,2024-12-13 05:30:00,100,0.0,0.0,0.0
Singapore,,28.4,32.5,28.4,28.4,77,1008,7.2,light rain,10d,2024-12-13 08:30:00,100,95.0,1.0,0.0
Singapore,,28.4,32.5,28.4,28.4,77,1005,7.3,light rain,10d,2024-12-13 11:30:00,100,96.0,0.74,0.0
Singapore,,28.4,32.5,28.4,28.4,76,1004,7.42,light rain,10d,2024-12-13 14:30:00,100,100.0,2.05,0.0
Singapore,,28.1,31.7,28.1,28.1,76,1006,5.8,light rain,10n,2024-12-13 17:30:00,100,100.0,2.51,0.0
Singapore,,27.7,31.1,27.7,27.7,78,1008,4.5,light rain,10n,2024-12-13 20:30:00,100,100.0,1.31,0.0
Singapore,,27.4,30.6,27.4,27.4,79,1006,5.63,light rain,10n,2024-12-13 23:30:00,100,100.0,0.19,0.0
Singapore,,27.6,30.9,27.6,27.6,79,1005,5.98,overcast clouds,04n,2024-12-14 02:30:00,100,0.0,0.0,0.0
Singapore,,28.2,31.8,28.2,28.2,75,1007,6.13,overcast clouds,04d,2024-12-14 05:30:00,100,0.0,0.0,0.0
Singapore,,28.8,32.9,28.8,28.8,73,1008,7.17,overcast clouds,04d,2024-12-14 08:30:00,95,0.0,0.0,0.0
Singapore,,29.1,33.5,29.1,29.1,72,1006,7.14,overcast clouds,04d,2024-12-14 11:30:00,97,0.0,0.0,0.0
Singapore,,29.4,33.5,29.4,29.4,70,1005,5.1,broken clouds,04d,2024-12-14 14:30:00,80,0.0,0.0,0.0
Singapore,,28.8,32.7,28.8,28.8,72,1006,3.32,light rain,10n,2024-12-14 17:30:00,78,91.0,1.37,0.0
Singapore,,28.4,32.0,28.4,28.4,73,1009,2.89,light rain,10n,2024-12-14 20:30:00,79,94.0,0.93,0.0
Singapore,,27.7,30.9,27.7,27.7,76,1008,3.82,light rain,10n,2024-12-14 23:30:00,84,83.0,0.42,0.0
Singapore,,27.4,30.4,27.4,27.4,78,1007,4.6,light rain,10n,2024-12-15 02:30:00,100,100.0,1.28,0.0
Singapore,,27.7,30.9,27.7,27.7,77,1008,4.27,light rain,10d,2024-12-15 05:30:00,100,90.0,0.71,0.0
Singapore,,28.9,32.8,28.9,28.9,72,1009,3.56,light rain,10d,2024-12-15 08:30:00,100,20.0,0.19,0.0
Singapore,,29.3,33.9,29.3,29.3,72,1007,5.55,overcast clouds,04d,2024-12-15 11:30:00,87,0.0,0.0,0.0
Singapore,,29.5,33.8,29.5,29.5,70,1005,5.16,overcast clouds,04d,2024-12-15 14:30:00,97,5.0,0.0,0.0
Singapore,,29.0,33.1,29.0,29.0,72,1007,3.15,light rain,10n,2024-12-15 17:30:00,96,38.0,0.45,0.0
Paris,FR,6.3,2.3,5.2,7.3,87,1025,6.69,overcast clouds,04d,2024-12-10 18:19:48,100,,,
Paris,,6.3,3.1,6.3,6.3,85,1025,4.67,light rain,10d,2024-12-10 20:30:00,100,20.0,0.19,0.0
Paris,,6.2,3.0,6.2,6.2,83,1026,4.72,light rain,10n,2024-12-10 23:30:00,100,20.0,0.16,0.0
Paris,,6.1,3.0,6.1,6.1,79,1026,4.29,overcast clouds,04n,2024-12-11 02:30:00,100,0.0,0.0,0.0
Paris,,5.8,2.9,5.8,5.8,82,1026,3.92,light rain,10n,2024-12-11 05:30:00,100,20.0,0.1,0.0
Paris,,5.6,2.7,5.6,5.6,81,1026,3.79,light rain,10n,2024-12-11 08:30:00,100,20.0,0.1,0.0
Paris,,5.2,2.7,5.2,5.2,78,1027,3.12,overcast clouds,04n,2024-12-11 11:30:00,98,0.0,0.0,0.0
Paris,,5.3,2.5,5.3,5.3,77,1028,3.52,overcast clouds,04d,2024-12-11 14:30:00,97,0.0,0.0,0.0
Paris,,6.2,3.5,6.2,6.2,64,1028,3.78,overcast clouds,04d,2024-12-11 17:30:00,87,0.0,0.0,0.0
Paris,,6.7,4.1,6.7,6.7,67,1027,3.85,overcast clouds,04d,2024-12-11 20:30:00,98,0.0,0.0,0.0
Paris,,6.5,3.9,6.5,6.5,69,1028,3.72,overcast clouds,04n,2024-12-11 23:30:00,99,0.0,0.0,0.0
Paris,,6.1,3.6,6.1,6.1,70,1029,3.26,overcast clouds,04n,2024-12-12 02:30:00,99,0.0,0.0,0.0
Paris,,6.0,4.0,6.0,6.0,68,1029,2.64,overcast clouds,04n,2024-12-12 05:30:00,99,0.0,0.0,0.0
Paris,,4.9,2.5,4.9,4.9,71,1029,2.83,scattered clouds,03n,2024-12-12 08:30:00,46,0.0,0.0,0.0
Paris,,3.5,1.1,3.5,3.5,77,1028,2.52,scattered clouds,03n,2024-12-12 11:30:00,26,0.0,0.0,0.0
Paris,,3.3,0.8,3.3,3.3,76,1029,2.65,clear sky,01d,2024-12-12 14:30:00,5,0.0,0.0,0.0
Paris,,5.5,3.5,5.5,5.5,64,1028,2.43,clear sky,01d,2024-12-12 17:30:00,8,0.0,0.0,0.0
Paris,,6.0,4.1,6.0,6.0,65,1026,2.51,few clouds,02d,2024-12-12 20:30:00,16,0.0,0.0,0.0
Paris,,4.5,2.7,4.5,4.5,75,1026,2.12,scattered clouds,03n,2024-12-12 23:30:00,34,0.0,0.0,0.0
Paris,,3.6,3.6,3.6,3.6,80,1026,1.28,clear sky,01n,2024-12-13 02:30:00,9,0.0,0.0,0.0
Paris,,3.0,3.0,3.0,3.0,81,1025,1.12,clear sky,01n,2024-12-13 05:30:00,4,0.0,0.0,0.0
Paris,,2.6,2.6,2.6,2.6,83,1025,1.24,clear sky,01n,2024-12-13 08:30:00,0,0.0,0.0,0.0
Paris,,2.2,2.2,2.2,2.2,83,1024,1.14,clear sky,01n,2024-12-13 11:30:00,0,0.0,0.0,0.0
Paris,,2.7,2.7,2.7,2.7,77,1025,0.61,scattered clouds,03d,2024-12-13 14:30:00,43,0.0,0.0,0.0
Paris,,5.0,5.0,5.0,5.0,63,1024,0.51,broken clouds,04d,2024-12-13 17:30:00,72,0.0,0.0,0.0
Paris,,5.8,5.8,5.8,5.8,59,1023,0.25,broken clouds,04d,2024-12-13 20:30:00,64,0.0,0.0,0.0
Paris,,5.0,5.0,5.0,5.0,64,1023,0.7,overcast clouds,04n,2024-12-13 23:30:00,85,0.0,0.0,0.0
Paris,,4.4,4.4,4.4,4.4,69,1024,0.71,overcast clouds,04n,2024-12-14 02:30:00,85,0.0,0.0,0.0
Paris,,4.9,4.9,4.9,4.9,68,1023,1.28,overcast clouds,04n,2024-12-14 05:30:00,92,0.0,0.0,0.0
Paris,,5.3,5.3,5.3,5.3,68,1023,1.25,overcast clouds,04n,2024-12-14 08:30:00,100,0.0,0.0,0.0
Paris,,5.0,4.1,5.0,5.0,80,1023,1.34,overcast clouds,04n,2024-12-14 11:30:00,100,0.0,0.0,0.0
Paris,,5.8,4.9,5.8,5.8,90,1024,1.41,overcast clouds,04d,2024-12-14 14:30:00,97,0.0,0.0,0.0
Paris,,6.5,5.6,6.5,6.5,85,1024,1.6,overcast clouds,04d,2024-12-14 17:30:00,97,0.0,0.0,0.0
Paris,,6.8,5.7,6.8,6.8,79,1024,1.76,overcast clouds,04d,2024-12-14 20:30:00,100,0.0,0.0,0.0
Paris,,6.4,5.6,6.4,6.4,82,1025,1.46,broken clouds,04n,2024-12-14 23:30:00,77,0.0,0.0,0.0
Paris,,6.6,5.3,6.6,6.6,75,1026,1.89,overcast clouds,04n,2024-12-15 02:30:00,100,0.0,0.0,0.0
Paris,,6.8,5.2,6.8,6.8,75,1027,2.2,overcast clouds,04n,2024-12-15 05:30:00,100,0.0,0.0,0.0
Paris,,6.6,5.1,6.6,6.6,69,1027,2.2,overcast clouds,04n,2024-12-15 08:30:00,100,0.0,0.0,0.0
Paris,,6.1,4.9,6.1,6.1,79,1029,1.83,light rain,10n,2024-12-15 11:30:00,99,20.0,0.2,0.0
Paris,,6.2,6.2,6.2,6.2,80,1031,1.32,broken clouds,04d,2024-12-15 14:30:00,77,0.0,0.0,0.0
Paris,,8.3,7.1,8.3,8.3,66,1031,2.21,broken clouds,04d,2024-12-15 17:30:00,51,0.0,0.0,0.0
Berlin,DE,3.3,-1.0,2.2,4.1,87,1031,5.36,overcast clouds,04d,2024-12-10 18:20:01,100,,,
Berlin,,3.0,-0.1,2.4,3.0,85,1031,3.16,overcast clouds,04n,2024-12-10 20:30:00,87,0.0,0.0,0.0
Berlin,,2.3,0.0,1.9,2.3,85,1031,2.25,overcast clouds,04n,2024-12-10 23:30:00,87,0.0,0.0,0.0
Berlin,,1.1,-1.3,1.1,1.1,89,1031,2.11,overcast clouds,04n,2024-12-11 02:30:00,90,0.0,0.0,0.0
Berlin,,1.9,-0.2,1.9,1.9,84,1031,2.05,overcast clouds,04n,2024-12-11 05:30:00,91,0.0,0.0,0.0
Berlin,,2.1,-0.0,2.1,2.1,85,1031,1.97,overcast clouds,04n,2024-12-11 08:30:00,100,0.0,0.0,0.0
Berlin,,1.6,-0.1,1.6,1.6,85,1031,1.55,overcast clouds,04n,2024-12-11 11:30:00,100,0.0,0.0,0.0
Berlin,,2.3,1.1,2.3,2.3,80,1032,1.34,overcast clouds,04d,2024-12-11 14:30:00,100,0.0,0.0,0.0
Berlin,,3.7,3.7,3.7,3.7,72,1031,1.23,overcast clouds,04d,2024-12-11 17:30:00,86,0.0,0.0,0.0
Berlin,,2.8,1.3,2.8,2.8,81,1031,1.56,broken clouds,04n,2024-12-11 20:30:00,58,0.0,0.0,0.0
Berlin,,1.7,1.7,1.7,1.7,87,1031,1.18,broken clouds,04n,2024-12-11 23:30:00,52,0.0,0.0,0.0
Berlin,,1.0,1.0,1.0,1.0,89,1031,1.04,scattered clouds,03n,2024-12-12 02:30:00,50,0.0,0.0,0.0
Berlin,,0.6,0.6,0.6,0.6,89,1032,1.26,broken clouds,04n,2024-12-12 05:30:00,63,0.0,0.0,0.0
Berlin,,1.1,-0.3,1.1,1.1,86,1031,1.38,overcast clouds,04n,2024-12-12 08:30:00,100,0.0,0.0,0.0
Berlin,,0.4,-1.2,0.4,0.4,86,1031,1.42,overcast clouds,04n,2024-12-12 11:30:00,85,0.0,0.0,0.0
Berlin,,1.3,1.3,1.3,1.3,80,1031,1.24,scattered clouds,03d,2024-12-12 14:30:00,37,0.0,0.0,0.0
Berlin,,3.4,3.4,3.4,3.4,70,1030,1.32,few clouds,02d,2024-12-12 17:30:00,21,0.0,0.0,0.0
Berlin,,2.2,2.2,2.2,2.2,77,1030,0.76,clear sky,01n,2024-12-12 20:30:00,4,0.0,0.0,0.0
Berlin,,1.4,1.4,1.4,1.4,82,1031,1.05,clear sky,01n,2024-12-12 23:30:00,2,0.0,0.0,0.0
Berlin,,0.8,-0.9,0.8,0.8,84,1031,1.54,clear sky,01n,2024-12-13 02:30:00,3,0.0,0.0,0.0
Berlin,,0.2,-2.0,0.2,0.2,85,1031,1.82,clear sky,01n,2024-12-13 05:30:00,4,0.0,0.0,0.0
Berlin,,-0.1,-2.7,-0.1,-0.1,85,1031,2.11,clear sky,01n,2024-12-13 08:30:00,6,0.0,0.0,0.0
Berlin,,-0.3,-3.4,-0.3,-0.3,82,1031,2.56,clear sky,01n,2024-12-13 11:30:00,8,0.0,0.0,0.0
Berlin,,0.8,-2.6,0.8,0.8,75,1031,3.02,clear sky,01d,2024-12-13 14:30:00,8,0.0,0.0,0.0
Berlin,,3.3,0.2,3.3,3.3,63,1029,3.35,clear sky,01d,2024-12-13 17:30:00,5,0.0,0.0,0.0
Berlin,,2.0,-1.3,2.0,2.0,72,1027,3.24,clear sky,01n,2024-12-13 20:30:00,0,0.0,0.0,0.0
Berlin,,0.7,-3.0,0.7,0.7,75,1026,3.4,clear sky,01n,2024-12-13 23:30:00,0,0.0,0.0,0.0
Berlin,,0.3,-3.4,0.3,0.3,76,1024,3.33,clear sky,01n,2024-12-14 02:30:00,1,0.0,0.0,0.0
Berlin,,0.1,-3.4,0.1,0.1,79,1021,3.13,clear sky,01n,2024-12-14 05:30:00,4,0.0,0.0,0.0
Berlin,,-0.3,-3.9,-0.3,-0.3,86,1018,3.04,broken clouds,04n,2024-12-14 08:30:00,53,0.0,0.0,0.0
Berlin,,-0.6,-3.7,-0.6,-0.6,88,1016,2.54,broken clouds,04n,2024-12-14 11:30:00,76,0.0,0.0,0.0
Berlin,,0.7,-3.5,0.7,0.7,83,1016,4.22,overcast clouds,04d,2024-12-14 14:30:00,100,0.0,0.0,0.0
Berlin,,2.4,-2.0,2.4,2.4,77,1015,5.17,overcast clouds,04d,2024-12-14 17:30:00,96,0.0,0.0,0.0
Berlin,,2.1,-2.5,2.1,2.1,82,1015,5.3,scattered clouds,03n,2024-12-14 20:30:00,46,0.0,0.0,0.0
Berlin,,3.5,-1.1,3.5,3.5,76,1014,6.28,broken clouds,04n,2024-12-14 23:30:00,73,0.0,0.0,0.0
Berlin,,3.3,-1.6,3.3,3.3,95,1013,6.86,light rain,10n,2024-12-15 02:30:00,100,100.0,0.43,0.0
Berlin,,3.6,-1.2,3.6,3.6,97,1014,6.65,light rain,10n,2024-12-15 05:30:00,100,100.0,1.16,0.0
Berlin,,4.1,-0.6,4.1,4.1,82,1015,6.86,light rain,10n,2024-12-15 08:30:00,96,20.0,0.14,0.0
Berlin,,3.5,-1.5,3.5,3.5,84,1017,7.08,light rain,10n,2024-12-15 11:30:00,98,20.0,0.18,0.0
Berlin,,3.8,-0.7,3.8,3.8,85,1019,6.3,overcast clouds,04d,2024-12-15 14:30:00,99,0.0,0.0,0.0
Berlin,,4.8,0.6,4.8,4.8,78,1020,6.36,overcast clouds,04d,2024-12-15 17:30:00,98,0.0,0.0,0.0
Sydney,AU,20.6,20.6,19.6,20.9,72,1013,5.14,overcast clouds,04n,2024-12-10 18:19:07,100,,,
Sydney,,20.1,20.1,19.2,20.1,74,1013,3.68,light rain,10n,2024-12-10 20:30:00,100,20.0,0.17,0.0
Sydney,,19.3,19.2,18.6,19.3,75,1012,2.8,overcast clouds,04n,2024-12-10 23:30:00,99,0.0,0.0,0.0
Sydney,,20.4,20.2,20.4,20.4,66,1012,1.73,broken clouds,04d,2024-12-11 02:30:00,66,0.0,0.0,0.0
Sydney,,21.8,21.7,21.8,21.8,61,1011,3.34,broken clouds,04d,2024-12-11 05:30:00,57,0.0,0.0,0.0
Sydney,,22.9,22.7,22.9,22.9,58,1009,5.99,scattered clouds,03d,2024-12-11 08:30:00,33,0.0,0.0,0.0
Sydney,,21.9,21.8,21.9,21.9,62,1006,6.85,few clouds,02d,2024-12-11 11:30:00,17,0.0,0.0,0.0
Sydney,,20.0,20.0,20.0,20.0,74,1008,5.03,clear sky,01n,2024-12-11 14:30:00,0,0.0,0.0,0.0
Sydney,,19.2,19.3,19.2,19.2,79,1010,3.26,clear sky,01n,2024-12-11 17:30:00,0,0.0,0.0,0.0
Sydney,,18.4,18.5,18.4,18.4,85,1008,1.89,clear sky,01n,2024-12-11 20:30:00,0,0.0,0.0,0.0
Sydney,,17.7,17.9,17.7,17.7,88,1007,1.54,clear sky,01n,2024-12-11 23:30:00,0,0.0,0.0,0.0
Sydney,,20.7,20.8,20.7,20.7,75,1009,0.81,clear sky,01d,2024-12-12 02:30:00,0,0.0,0.0,0.0
Sydney,,25.1,25.1,25.1,25.1,59,1008,1.9,clear sky,01d,2024-12-12 05:30:00,0,0.0,0.0,0.0
Sydney,,25.5,25.6,25.5,25.5,57,1006,5.18,clear sky,01d,2024-12-12 08:30:00,6,0.0,0.0,0.0
Sydney,,24.0,24.2,24.0,24.0,68,1004,7.12,clear sky,01d,2024-12-12 11:30:00,5,0.0,0.0,0.0
Sydney,,21.8,22.2,21.8,21.8,84,1007,5.18,clear sky,01n,2024-12-12 14:30:00,0,0.0,0.0,0.0
Sydney,,21.0,21.5,21.0,21.0,92,1008,3.28,clear sky,01n,2024-12-12 17:30:00,0,0.0,0.0,0.0
Sydney,,20.4,21.0,20.4,20.4,94,1006,1.89,few clouds,02n,2024-12-12 20:30:00,12,0.0,0.0,0.0
Sydney,,20.4,20.9,20.4,20.4,92,1007,5.81,scattered clouds,03n,2024-12-12 23:30:00,38,0.0,0.0,0.0
Sydney,,21.8,22.1,21.8,21.8,78,1008,3.01,overcast clouds,04d,2024-12-13 02:30:00,94,0.0,0.0,0.0
Sydney,,25.9,26.1,25.9,25.9,59,1007,2.26,broken clouds,04d,2024-12-13 05:30:00,58,0.0,0.0,0.0
Sydney,,26.8,27.8,26.8,26.8,59,1005,4.91,few clouds,02d,2024-12-13 08:30:00,21,0.0,0.0,0.0
Sydney,,25.3,25.7,25.3,25.3,67,1004,4.17,few clouds,02d,2024-12-13 11:30:00,17,0.0,0.0,0.0
Sydney,,22.7,23.2,22.7,22.7,85,1007,2.99,broken clouds,04d,2024-12-13 14:30:00,70,0.0,0.0,0.0
Sydney,,21.8,22.3,21.8,21.8,89,1009,7.39,broken clouds,04n,2024-12-13 17:30:00,81,0.0,0.0,0.0
Sydney,,20.5,20.8,20.5,20.5,87,1009,7.54,scattered clouds,03n,2024-12-13 20:30:00,43,0.0,0.0,0.0
Sydney,,20.1,20.4,20.1,20.1,87,1009,4.97,scattered clouds,03n,2024-12-13 23:30:00,30,0.0,0.0,0.0
Sydney,,21.5,21.8,21.5,21.5,79,1012,4.64,broken clouds,04d,2024-12-14 02:30:00,54,0.0,0.0,0.0
Sydney,,22.7,22.8,22.7,22.7,71,1012,4.21,broken clouds,04d,2024-12-14 05:30:00,77,0.0,0.0,0.0
Sydney,,23.5,23.7,23.5,23.5,70,1010,4.15,overcast clouds,04d,2024-12-14 08:30:00,100,0.0,0.0,0.0
Sydney,,23.0,23.3,23.0,23.0,75,1009,5.36,overcast clouds,04d,2024-12-14 11:30:00,100,0.0,0.0,0.0
Sydney,,21.4,21.9,21.4,21.4,86,1011,3.19,broken clouds,04d,2024-12-14 14:30:00,64,0.0,0.0,0.0
Sydney,,21.2,21.8,21.2,21.2,89,1012,1.3,broken clouds,04n,2024-12-14 17:30:00,83,0.0,0.0,0.0
Sydney,,20.8,21.3,20.8,20.8,92,1010,2.04,overcast clouds,04n,2024-12-14 20:30:00,100,0.0,0.0,0.0
Sydney,,20.4,20.9,20.4,20.4,91,1010,3.01,overcast clouds,04n,2024-12-14 23:30:00,100,0.0,0.0,0.0
Sydney,,21.9,22.4,21.9,21.9,84,1012,4.06,broken clouds,04d,2024-12-15 02:30:00,83,0.0,0.0,0.0
Sydney,,22.6,23.0,22.6,22.6,80,1013,4.59,overcast clouds,04d,2024-12-15 05:30:00,86,0.0,0.0,0.0
Sydney,,23.8,24.1,23.8,23.8,73,1012,5.77,light rain,10d,2024-12-15 08:30:00,83,20.0,0.12,0.0
Sydney,,22.6,22.8,22.6,22.6,74,1013,5.59,broken clouds,04d,2024-12-15 11:30:00,77,0.0,0.0,0.0
Sydney,,21.1,21.4,21.1,21.1,82,1015,4.67,few clouds,02d,2024-12-15 14:30:00,23,0.0,0.0,0.0
Sydney,,20.7,20.9,20.7,20.7,80,1017,2.78,scattered clouds,03n,2024-12-15 17:30:00,29,0.0,0.0,0.0
